INSERT INTO tb_user (id, first_name, last_name, email, password, is_aluno, turma_id) VALUES (1,'Joao', 'Guarnier', 'joao@gmail.com', '$2a$10$eACCYoNOHEqXve8aIWT8Nu3PkMXWBaOxJ9aORUYzfMQCbVBIhZ8tG', 1, 1);
INSERT INTO tb_user (id, first_name, last_name, email, password, is_aluno, turma_id) VALUES (2,'Leon', 'Miranda', 'leon@gmail.com', '$2a$10$eACCYoNOHEqXve8aIWT8Nu3PkMXWBaOxJ9aORUYzfMQCbVBIhZ8tG', 1, 1);
INSERT INTO tb_user (id, first_name, last_name, email, password, is_aluno, turma_id) VALUES (3,'Gabriel', 'Silva', 'gabriel@gmail.com', '$2a$10$eACCYoNOHEqXve8aIWT8Nu3PkMXWBaOxJ9aORUYzfMQCbVBIhZ8tG', 1, 1);
INSERT INTO tb_user (id, first_name, last_name, email, password, is_aluno, turma_id) VALUES (4,'Nicolas', 'Lee', 'nicolee@gmail.com', '$2a$10$eACCYoNOHEqXve8aIWT8Nu3PkMXWBaOxJ9aORUYzfMQCbVBIhZ8tG', 1, 1);
INSERT INTO tb_user (id, first_name, last_name, email, password, is_aluno, turma_id) VALUES (5,'Paola', 'Hoffmann', 'paola@gmail.com', '$2a$10$eACCYoNOHEqXve8aIWT8Nu3PkMXWBaOxJ9aORUYzfMQCbVBIhZ8tG', 1, 1);
INSERT INTO tb_user (id, first_name, last_name, email, password, is_aluno, turma_id) VALUES (6,'Marcos', 'Fagundes', 'marfun@gmail.com', '$2a$10$eACCYoNOHEqXve8aIWT8Nu3PkMXWBaOxJ9aORUYzfMQCbVBIhZ8tG', 1, 1);
INSERT INTO tb_user (id, first_name, last_name, email, password, is_aluno, turma_id) VALUES (7,'Nathalia', 'Lopes', 'na_lopes@gmail.com', '$2a$10$eACCYoNOHEqXve8aIWT8Nu3PkMXWBaOxJ9aORUYzfMQCbVBIhZ8tG', 1, 1);
INSERT INTO tb_user (id, first_name, last_name, email, password, is_aluno, turma_id) VALUES (8,'Ricardo', 'Silva', 'ricardo_xbox@gmail.com', '$2a$10$eACCYoNOHEqXve8aIWT8Nu3PkMXWBaOxJ9aORUYzfMQCbVBIhZ8tG', 1, 1);
INSERT INTO tb_user (id, first_name, last_name, email, password, is_aluno, turma_id) VALUES (9,'Clara', 'Silva', 'clarinha@gmail.com', '$2a$10$eACCYoNOHEqXve8aIWT8Nu3PkMXWBaOxJ9aORUYzfMQCbVBIhZ8tG', 1, 1);
INSERT INTO tb_user (id, first_name, last_name, email, password, is_aluno, turma_id) VALUES (10,'Juan', 'Sampaio', 'juanzera@gmail.com', '$2a$10$eACCYoNOHEqXve8aIWT8Nu3PkMXWBaOxJ9aORUYzfMQCbVBIhZ8tG', 1, 1);

INSERT INTO tb_user (id, first_name, last_name, email, password, is_aluno, turma_id) VALUES (11,'Tancredo', 'Neves', 'tancredex257@gmail.com', '$2a$10$eACCYoNOHEqXve8aIWT8Nu3PkMXWBaOxJ9aORUYzfMQCbVBIhZ8tG', 1, 2);
INSERT INTO tb_user (id, first_name, last_name, email, password, is_aluno, turma_id) VALUES (12,'Nestor', 'Cerveroc', 'eyedown@gmail.com', '$2a$10$eACCYoNOHEqXve8aIWT8Nu3PkMXWBaOxJ9aORUYzfMQCbVBIhZ8tG', 1, 2);
INSERT INTO tb_user (id, first_name, last_name, email, password, is_aluno, turma_id) VALUES (13,'Liz', 'Guarnier', 'liz_guarnier@gmail.com', '$2a$10$eACCYoNOHEqXve8aIWT8Nu3PkMXWBaOxJ9aORUYzfMQCbVBIhZ8tG', 1, 2);
INSERT INTO tb_user (id, first_name, last_name, email, password, is_aluno, turma_id) VALUES (14,'Neymar', 'Junior', 'neyzika@gmail.com', '$2a$10$eACCYoNOHEqXve8aIWT8Nu3PkMXWBaOxJ9aORUYzfMQCbVBIhZ8tG', 1, 2);
INSERT INTO tb_user (id, first_name, last_name, email, password, is_aluno, turma_id) VALUES (15,'Lebrao', 'Jaime', 'celta2010@gmail.com', '$2a$10$eACCYoNOHEqXve8aIWT8Nu3PkMXWBaOxJ9aORUYzfMQCbVBIhZ8tG', 1, 2);
INSERT INTO tb_user (id, first_name, last_name, email, password, is_aluno, turma_id) VALUES (16,'Cuca', 'Neto', 'beludinho@gmail.com', '$2a$10$eACCYoNOHEqXve8aIWT8Nu3PkMXWBaOxJ9aORUYzfMQCbVBIhZ8tG', 1, 2);
INSERT INTO tb_user (id, first_name, last_name, email, password, is_aluno, turma_id) VALUES (17,'Rivaldo', 'Costa', 'rio_fevereiro@gmail.com', '$2a$10$eACCYoNOHEqXve8aIWT8Nu3PkMXWBaOxJ9aORUYzfMQCbVBIhZ8tG', 1, 2);
INSERT INTO tb_user (id, first_name, last_name, email, password, is_aluno, turma_id) VALUES (18,'Paco', 'Francisco', 'pakex@gmail.com', '$2a$10$eACCYoNOHEqXve8aIWT8Nu3PkMXWBaOxJ9aORUYzfMQCbVBIhZ8tG', 1, 2);
INSERT INTO tb_user (id, first_name, last_name, email, password, is_aluno, turma_id) VALUES (19,'Rogério', 'Leitor', 'jhonatan@gmail.com', '$2a$10$eACCYoNOHEqXve8aIWT8Nu3PkMXWBaOxJ9aORUYzfMQCbVBIhZ8tG', 1, 2);
INSERT INTO tb_user (id, first_name, last_name, email, password, is_aluno, turma_id) VALUES (20,'Paulo', 'Jorge', 'paul_jorge@gmail.com', '$2a$10$eACCYoNOHEqXve8aIWT8Nu3PkMXWBaOxJ9aORUYzfMQCbVBIhZ8tG', 1, 2);

INSERT INTO tb_user (id, first_name, last_name, email, password, is_aluno, turma_id) VALUES (21,'Maria', 'Peixoto', 'maria22@gmail.com', '$2a$10$eACCYoNOHEqXve8aIWT8Nu3PkMXWBaOxJ9aORUYzfMQCbVBIhZ8tG', 1, 3);
INSERT INTO tb_user (id, first_name, last_name, email, password, is_aluno, turma_id) VALUES (22,'Vitor', 'Neves', 'vitinhuun@gmail.com', '$2a$10$eACCYoNOHEqXve8aIWT8Nu3PkMXWBaOxJ9aORUYzfMQCbVBIhZ8tG', 1, 3);
INSERT INTO tb_user (id, first_name, last_name, email, password, is_aluno, turma_id) VALUES (23,'Davi', 'Cruz', 'cruzyz@gmail.com', '$2a$10$eACCYoNOHEqXve8aIWT8Nu3PkMXWBaOxJ9aORUYzfMQCbVBIhZ8tG', 1, 3);
INSERT INTO tb_user (id, first_name, last_name, email, password, is_aluno, turma_id) VALUES (24,'Lorenzo', 'Melo', 'lo_melo@gmail.com', '$2a$10$eACCYoNOHEqXve8aIWT8Nu3PkMXWBaOxJ9aORUYzfMQCbVBIhZ8tG', 1, 3);
INSERT INTO tb_user (id, first_name, last_name, email, password, is_aluno, turma_id) VALUES (25,'Emanuelly', 'Fogaça', 'manuzinhaa@gmail.com', '$2a$10$eACCYoNOHEqXve8aIWT8Nu3PkMXWBaOxJ9aORUYzfMQCbVBIhZ8tG', 1, 3);
INSERT INTO tb_user (id, first_name, last_name, email, password, is_aluno, turma_id) VALUES (26,'Lucas', 'Moraes', 'lukaozy@gmail.com', '$2a$10$eACCYoNOHEqXve8aIWT8Nu3PkMXWBaOxJ9aORUYzfMQCbVBIhZ8tG', 1, 3);
INSERT INTO tb_user (id, first_name, last_name, email, password, is_aluno, turma_id) VALUES (27,'Bianca', 'Correia', 'bianc@gmail.com', '$2a$10$eACCYoNOHEqXve8aIWT8Nu3PkMXWBaOxJ9aORUYzfMQCbVBIhZ8tG', 1, 3);
INSERT INTO tb_user (id, first_name, last_name, email, password, is_aluno, turma_id) VALUES (28,'Alícia', 'Castro', 'alicia_ca@gmail.com', '$2a$10$eACCYoNOHEqXve8aIWT8Nu3PkMXWBaOxJ9aORUYzfMQCbVBIhZ8tG', 1, 3);
INSERT INTO tb_user (id, first_name, last_name, email, password, is_aluno, turma_id) VALUES (29,'Isaac', 'Dias', 'dias_isaac@gmail.com', '$2a$10$eACCYoNOHEqXve8aIWT8Nu3PkMXWBaOxJ9aORUYzfMQCbVBIhZ8tG', 1, 3);
INSERT INTO tb_user (id, first_name, last_name, email, password, is_aluno, turma_id) VALUES (30,'Rebeca', 'Nogueira', 'nogx@gmail.com', '$2a$10$eACCYoNOHEqXve8aIWT8Nu3PkMXWBaOxJ9aORUYzfMQCbVBIhZ8tG', 1, 3);

INSERT INTO tb_user (id, first_name, last_name, email, password, is_aluno, turma_id) VALUES (31,'Lorena', 'Viana', 'lovi@gmail.com', '$2a$10$eACCYoNOHEqXve8aIWT8Nu3PkMXWBaOxJ9aORUYzfMQCbVBIhZ8tG', 1, 4);
INSERT INTO tb_user (id, first_name, last_name, email, password, is_aluno, turma_id) VALUES (32,'Carlos', 'Pereira', 'cape@gmail.com', '$2a$10$eACCYoNOHEqXve8aIWT8Nu3PkMXWBaOxJ9aORUYzfMQCbVBIhZ8tG', 1, 4);
INSERT INTO tb_user (id, first_name, last_name, email, password, is_aluno, turma_id) VALUES (33,'Maria', 'Teixeira', 'marite@gmail.com', '$2a$10$eACCYoNOHEqXve8aIWT8Nu3PkMXWBaOxJ9aORUYzfMQCbVBIhZ8tG', 1, 4);
INSERT INTO tb_user (id, first_name, last_name, email, password, is_aluno, turma_id) VALUES (34,'Thomas', 'Cardoso', 'cardto@gmail.com', '$2a$10$eACCYoNOHEqXve8aIWT8Nu3PkMXWBaOxJ9aORUYzfMQCbVBIhZ8tG', 1, 4);
INSERT INTO tb_user (id, first_name, last_name, email, password, is_aluno, turma_id) VALUES (35,'Igor', 'Mota', 'imo@gmail.com', '$2a$10$eACCYoNOHEqXve8aIWT8Nu3PkMXWBaOxJ9aORUYzfMQCbVBIhZ8tG', 1, 4);
INSERT INTO tb_user (id, first_name, last_name, email, password, is_aluno, turma_id) VALUES (36,'Joaquim', 'Souza', 'jocaza@gmail.com', '$2a$10$eACCYoNOHEqXve8aIWT8Nu3PkMXWBaOxJ9aORUYzfMQCbVBIhZ8tG', 1, 4);
INSERT INTO tb_user (id, first_name, last_name, email, password, is_aluno, turma_id) VALUES (37,'Ana', 'Rodrigues', 'aninharod@gmail.com', '$2a$10$eACCYoNOHEqXve8aIWT8Nu3PkMXWBaOxJ9aORUYzfMQCbVBIhZ8tG', 1, 4);
INSERT INTO tb_user (id, first_name, last_name, email, password, is_aluno, turma_id) VALUES (38,'Ian', 'Luz', 'ianlux@gmail.com', '$2a$10$eACCYoNOHEqXve8aIWT8Nu3PkMXWBaOxJ9aORUYzfMQCbVBIhZ8tG', 1, 4);
INSERT INTO tb_user (id, first_name, last_name, email, password, is_aluno, turma_id) VALUES (39,'Maria', 'Sophia', 'masophi@gmail.com', '$2a$10$eACCYoNOHEqXve8aIWT8Nu3PkMXWBaOxJ9aORUYzfMQCbVBIhZ8tG', 1, 4);
INSERT INTO tb_user (id, first_name, last_name, email, password, is_aluno, turma_id) VALUES (40,'Daniel', 'Costela', 'dacost@gmail.com', '$2a$10$eACCYoNOHEqXve8aIWT8Nu3PkMXWBaOxJ9aORUYzfMQCbVBIhZ8tG', 1, 4);


INSERT INTO tb_user (id, first_name, last_name, email, password, is_aluno) VALUES (41,'Fabinho', 'Silva', 'fabinho@gmail.com', '$2a$10$eACCYoNOHEqXve8aIWT8Nu3PkMXWBaOxJ9aORUYzfMQCbVBIhZ8tG', 0);
INSERT INTO tb_user (id, first_name, last_name, email, password, is_aluno) VALUES (42,'Victor', 'Inacio', 'vitinho@gmail.com', '$2a$10$eACCYoNOHEqXve8aIWT8Nu3PkMXWBaOxJ9aORUYzfMQCbVBIhZ8tG', 0);
INSERT INTO tb_user (id, first_name, last_name, email, password, is_aluno) VALUES (43,'Cristiano', 'Ronaldo', 'cr7@gmail.com', '$2a$10$eACCYoNOHEqXve8aIWT8Nu3PkMXWBaOxJ9aORUYzfMQCbVBIhZ8tG', 0);
INSERT INTO tb_user (id, first_name, last_name, email, password, is_aluno) VALUES (44,'Alex', 'Lopes', 'aleee@gmail.com', '$2a$10$eACCYoNOHEqXve8aIWT8Nu3PkMXWBaOxJ9aORUYzfMQCbVBIhZ8tG', 0);
INSERT INTO tb_user (id, first_name, last_name, email, password, is_aluno) VALUES (45,'Rafael', 'Silva', 'rasilva@gmail.com', '$2a$10$eACCYoNOHEqXve8aIWT8Nu3PkMXWBaOxJ9aORUYzfMQCbVBIhZ8tG', 0);
INSERT INTO tb_user (id, first_name, last_name, email, password, is_aluno) VALUES (46,'Renata', 'Nieto', 'nietoo@gmail.com', '$2a$10$eACCYoNOHEqXve8aIWT8Nu3PkMXWBaOxJ9aORUYzfMQCbVBIhZ8tG', 0);
INSERT INTO tb_user (id, first_name, last_name, email, password, is_aluno) VALUES (47,'Osvaldo', 'Takai', 'takaizin@gmail.com', '$2a$10$eACCYoNOHEqXve8aIWT8Nu3PkMXWBaOxJ9aORUYzfMQCbVBIhZ8tG', 0);
INSERT INTO tb_user (id, first_name, last_name, email, password, is_aluno) VALUES (48,'Leonardo', 'Takuno', 'takuno@gmail.com', '$2a$10$eACCYoNOHEqXve8aIWT8Nu3PkMXWBaOxJ9aORUYzfMQCbVBIhZ8tG', 0);
INSERT INTO tb_user (id, first_name, last_name, email, password, is_aluno) VALUES (49,'Milena', 'Ferreira', 'miferreira@gmail.com', '$2a$10$eACCYoNOHEqXve8aIWT8Nu3PkMXWBaOxJ9aORUYzfMQCbVBIhZ8tG', 0);
INSERT INTO tb_user (id, first_name, last_name, email, password, is_aluno) VALUES (50,'Ronaldo', 'Ferrer', 'r9ferrer@gmail.com', '$2a$10$eACCYoNOHEqXve8aIWT8Nu3PkMXWBaOxJ9aORUYzfMQCbVBIhZ8tG', 0);

INSERT INTO tb_user (id, first_name, last_name, email, password, is_aluno) VALUES (51,'Fabiana', 'Lima', 'fabilima@gmail.com', '$2a$10$eACCYoNOHEqXve8aIWT8Nu3PkMXWBaOxJ9aORUYzfMQCbVBIhZ8tG', 0);
INSERT INTO tb_user (id, first_name, last_name, email, password, is_aluno) VALUES (52,'Renato', 'Ruiz', 'renaruiz@gmail.com', '$2a$10$eACCYoNOHEqXve8aIWT8Nu3PkMXWBaOxJ9aORUYzfMQCbVBIhZ8tG', 0);
INSERT INTO tb_user (id, first_name, last_name, email, password, is_aluno) VALUES (53,'Bruna', 'Luiza', 'dogs123@gmail.com', '$2a$10$eACCYoNOHEqXve8aIWT8Nu3PkMXWBaOxJ9aORUYzfMQCbVBIhZ8tG', 0);
INSERT INTO tb_user (id, first_name, last_name, email, password, is_aluno) VALUES (54,'Fernando', 'Araujo', 'ferjo@gmail.com', '$2a$10$eACCYoNOHEqXve8aIWT8Nu3PkMXWBaOxJ9aORUYzfMQCbVBIhZ8tG', 0);
INSERT INTO tb_user (id, first_name, last_name, email, password, is_aluno) VALUES (55,'Luiz', 'Barboza', 'barbozalu@gmail.com', '$2a$10$eACCYoNOHEqXve8aIWT8Nu3PkMXWBaOxJ9aORUYzfMQCbVBIhZ8tG', 0);
INSERT INTO tb_user (id, first_name, last_name, email, password, is_aluno) VALUES (56,'David', 'Matheus', 'teteus@gmail.com', '$2a$10$eACCYoNOHEqXve8aIWT8Nu3PkMXWBaOxJ9aORUYzfMQCbVBIhZ8tG', 0);
INSERT INTO tb_user (id, first_name, last_name, email, password, is_aluno) VALUES (57,'Kátia', 'Oliveira', 'katia2015@gmail.com', '$2a$10$eACCYoNOHEqXve8aIWT8Nu3PkMXWBaOxJ9aORUYzfMQCbVBIhZ8tG', 0);
INSERT INTO tb_user (id, first_name, last_name, email, password, is_aluno) VALUES (58,'Gabriel', 'Jesus', 'citygab@gmail.com', '$2a$10$eACCYoNOHEqXve8aIWT8Nu3PkMXWBaOxJ9aORUYzfMQCbVBIhZ8tG', 0);
INSERT INTO tb_user (id, first_name, last_name, email, password, is_aluno) VALUES (59,'Aleister', 'Silva', 'thelema@gmail.com', '$2a$10$eACCYoNOHEqXve8aIWT8Nu3PkMXWBaOxJ9aORUYzfMQCbVBIhZ8tG', 0);
INSERT INTO tb_user (id, first_name, last_name, email, password, is_aluno) VALUES (60,'Helena', 'Blavatsky', 'ocult@gmail.com', '$2a$10$eACCYoNOHEqXve8aIWT8Nu3PkMXWBaOxJ9aORUYzfMQCbVBIhZ8tG', 0);

INSERT INTO tb_role (authority) VALUES ('ROLE_ALUNO');
INSERT INTO tb_role (authority) VALUES ('ROLE_PROFESSOR');

INSERT INTO tb_user_role (user_id, role_id) VALUES (1, 1);
INSERT INTO tb_user_role (user_id, role_id) VALUES (2, 1);
INSERT INTO tb_user_role (user_id, role_id) VALUES (3, 1);
INSERT INTO tb_user_role (user_id, role_id) VALUES (4, 1);
INSERT INTO tb_user_role (user_id, role_id) VALUES (5, 1);
INSERT INTO tb_user_role (user_id, role_id) VALUES (6, 1);
INSERT INTO tb_user_role (user_id, role_id) VALUES (7, 1);
INSERT INTO tb_user_role (user_id, role_id) VALUES (8, 1);
INSERT INTO tb_user_role (user_id, role_id) VALUES (9, 1);
INSERT INTO tb_user_role (user_id, role_id) VALUES (10, 1);
INSERT INTO tb_user_role (user_id, role_id) VALUES (11, 1);
INSERT INTO tb_user_role (user_id, role_id) VALUES (12, 1);
INSERT INTO tb_user_role (user_id, role_id) VALUES (13, 1);
INSERT INTO tb_user_role (user_id, role_id) VALUES (14, 1);
INSERT INTO tb_user_role (user_id, role_id) VALUES (15, 1);
INSERT INTO tb_user_role (user_id, role_id) VALUES (16, 1);
INSERT INTO tb_user_role (user_id, role_id) VALUES (17, 1);
INSERT INTO tb_user_role (user_id, role_id) VALUES (18, 1);
INSERT INTO tb_user_role (user_id, role_id) VALUES (19, 1);
INSERT INTO tb_user_role (user_id, role_id) VALUES (20, 1);
INSERT INTO tb_user_role (user_id, role_id) VALUES (21, 1);
INSERT INTO tb_user_role (user_id, role_id) VALUES (22, 1);
INSERT INTO tb_user_role (user_id, role_id) VALUES (23, 1);
INSERT INTO tb_user_role (user_id, role_id) VALUES (24, 1);
INSERT INTO tb_user_role (user_id, role_id) VALUES (25, 1);
INSERT INTO tb_user_role (user_id, role_id) VALUES (26, 1);
INSERT INTO tb_user_role (user_id, role_id) VALUES (27, 1);
INSERT INTO tb_user_role (user_id, role_id) VALUES (28, 1);
INSERT INTO tb_user_role (user_id, role_id) VALUES (29, 1);
INSERT INTO tb_user_role (user_id, role_id) VALUES (30, 1);
INSERT INTO tb_user_role (user_id, role_id) VALUES (31, 1);
INSERT INTO tb_user_role (user_id, role_id) VALUES (32, 1);
INSERT INTO tb_user_role (user_id, role_id) VALUES (33, 1);
INSERT INTO tb_user_role (user_id, role_id) VALUES (34, 1);
INSERT INTO tb_user_role (user_id, role_id) VALUES (35, 1);
INSERT INTO tb_user_role (user_id, role_id) VALUES (36, 1);
INSERT INTO tb_user_role (user_id, role_id) VALUES (37, 1);
INSERT INTO tb_user_role (user_id, role_id) VALUES (38, 1);
INSERT INTO tb_user_role (user_id, role_id) VALUES (39, 1);
INSERT INTO tb_user_role (user_id, role_id) VALUES (40, 1);

INSERT INTO tb_user_role (user_id, role_id) VALUES (41, 2);
INSERT INTO tb_user_role (user_id, role_id) VALUES (42, 2);
INSERT INTO tb_user_role (user_id, role_id) VALUES (43, 2);
INSERT INTO tb_user_role (user_id, role_id) VALUES (44, 2);
INSERT INTO tb_user_role (user_id, role_id) VALUES (45, 2);
INSERT INTO tb_user_role (user_id, role_id) VALUES (46, 2);
INSERT INTO tb_user_role (user_id, role_id) VALUES (47, 2);
INSERT INTO tb_user_role (user_id, role_id) VALUES (48, 2);
INSERT INTO tb_user_role (user_id, role_id) VALUES (49, 2);
INSERT INTO tb_user_role (user_id, role_id) VALUES (50, 2);
INSERT INTO tb_user_role (user_id, role_id) VALUES (51, 2);
INSERT INTO tb_user_role (user_id, role_id) VALUES (52, 2);
INSERT INTO tb_user_role (user_id, role_id) VALUES (53, 2);
INSERT INTO tb_user_role (user_id, role_id) VALUES (54, 2);
INSERT INTO tb_user_role (user_id, role_id) VALUES (55, 2);
INSERT INTO tb_user_role (user_id, role_id) VALUES (56, 2);
INSERT INTO tb_user_role (user_id, role_id) VALUES (57, 2);
INSERT INTO tb_user_role (user_id, role_id) VALUES (58, 2);
INSERT INTO tb_user_role (user_id, role_id) VALUES (59, 2);
INSERT INTO tb_user_role (user_id, role_id) VALUES (60, 2);

INSERT INTO tb_turma (CURSO, SEMESTRE, COMPLEMENTO) VALUES ('Engenharia Da Computação', 1, 'A');
INSERT INTO tb_turma (CURSO, SEMESTRE, COMPLEMENTO) VALUES ('Engenharia Da Computação', 1, 'B');
INSERT INTO tb_turma (CURSO, SEMESTRE, COMPLEMENTO) VALUES ('Banco De Dados', 1, 'A');
INSERT INTO tb_turma (CURSO, SEMESTRE, COMPLEMENTO) VALUES ('Análise e Desenvolvimento De Sistemas', 1, 'A');

INSERT INTO tb_materia (NOME, PROFESSOR_ID, TURMA_ID) VALUES ('Linguagem de Programação', 41,1);
INSERT INTO tb_materia (NOME, PROFESSOR_ID, TURMA_ID) VALUES ('Lógica com IoT', 42,1);
INSERT INTO tb_materia (NOME, PROFESSOR_ID, TURMA_ID) VALUES ('Matemática para Computação', 43,1);
INSERT INTO tb_materia (NOME, PROFESSOR_ID, TURMA_ID) VALUES ('Projetos de Circuitos Digitais', 44,1);
INSERT INTO tb_materia (NOME, PROFESSOR_ID, TURMA_ID) VALUES ('Soft Skills', 45,1);

INSERT INTO tb_materia (NOME, PROFESSOR_ID, TURMA_ID) VALUES ('Linguagem de Programação', 46,2);
INSERT INTO tb_materia (NOME, PROFESSOR_ID, TURMA_ID) VALUES ('Lógica com IoT', 47,2);
INSERT INTO tb_materia (NOME, PROFESSOR_ID, TURMA_ID) VALUES ('Matemática para Computação', 48,2);
INSERT INTO tb_materia (NOME, PROFESSOR_ID, TURMA_ID) VALUES ('Projetos de Circuitos Digitais', 49,2);
INSERT INTO tb_materia (NOME, PROFESSOR_ID, TURMA_ID) VALUES ('Soft Skills', 50,2);

INSERT INTO tb_materia (NOME, PROFESSOR_ID, TURMA_ID) VALUES ('Fundamentos de Banco de Dados', 51,3);
INSERT INTO tb_materia (NOME, PROFESSOR_ID, TURMA_ID) VALUES ('Linguagem de Programação', 52,3);
INSERT INTO tb_materia (NOME, PROFESSOR_ID, TURMA_ID) VALUES ('Lógica de Programação', 53,3);
INSERT INTO tb_materia (NOME, PROFESSOR_ID, TURMA_ID) VALUES ('Matemática Aplicada', 54,3);
INSERT INTO tb_materia (NOME, PROFESSOR_ID, TURMA_ID) VALUES ('Soft Skills', 55,3);

INSERT INTO tb_materia (NOME, PROFESSOR_ID, TURMA_ID) VALUES ('Fundamentos de Banco de Dados', 56,4);
INSERT INTO tb_materia (NOME, PROFESSOR_ID, TURMA_ID) VALUES ('Linguagem de Programação', 57,4);
INSERT INTO tb_materia (NOME, PROFESSOR_ID, TURMA_ID) VALUES ('Lógica de Programação', 58,4);
INSERT INTO tb_materia (NOME, PROFESSOR_ID, TURMA_ID) VALUES ('Nanodegree 1', 59,4);
INSERT INTO tb_materia (NOME, PROFESSOR_ID, TURMA_ID) VALUES ('Soft Skills', 60,4);


INSERT INTO TB_GRUPO (USER_LIDER_ID, NOME, MATERIA_ID) VALUES (1, 'Os Fumacas', 1);
INSERT INTO TB_GRUPO_USER (GRUPO_ID, USER_ID) VALUES (1,1);
INSERT INTO TB_GRUPO_USER (GRUPO_ID, USER_ID) VALUES (1,2);
INSERT INTO TB_GRUPO_USER (GRUPO_ID, USER_ID) VALUES (1,3);
INSERT INTO TB_GRUPO_USER (GRUPO_ID, USER_ID) VALUES (1,4);
INSERT INTO TB_GRUPO_USER (GRUPO_ID, USER_ID) VALUES (1,5);
INSERT INTO TB_GRUPO (USER_LIDER_ID, NOME, MATERIA_ID) VALUES (6, 'Boston Dynamics', 1);
INSERT INTO TB_GRUPO_USER (GRUPO_ID, USER_ID) VALUES (2,6);
INSERT INTO TB_GRUPO_USER (GRUPO_ID, USER_ID) VALUES (2,7);
INSERT INTO TB_GRUPO_USER (GRUPO_ID, USER_ID) VALUES (2,8);
INSERT INTO TB_GRUPO_USER (GRUPO_ID, USER_ID) VALUES (2,9);
INSERT INTO TB_GRUPO_USER (GRUPO_ID, USER_ID) VALUES (2,10);

INSERT INTO TB_GRUPO (USER_LIDER_ID, NOME, MATERIA_ID) VALUES (1, 'Os Fumacas', 2);
INSERT INTO TB_GRUPO_USER (GRUPO_ID, USER_ID) VALUES (3,1);
INSERT INTO TB_GRUPO_USER (GRUPO_ID, USER_ID) VALUES (3,2);
INSERT INTO TB_GRUPO_USER (GRUPO_ID, USER_ID) VALUES (3,3);
INSERT INTO TB_GRUPO_USER (GRUPO_ID, USER_ID) VALUES (3,4);
INSERT INTO TB_GRUPO_USER (GRUPO_ID, USER_ID) VALUES (3,5);
INSERT INTO TB_GRUPO (USER_LIDER_ID, NOME, MATERIA_ID) VALUES (6, 'Boston Dynamics', 2);
INSERT INTO TB_GRUPO_USER (GRUPO_ID, USER_ID) VALUES (4,6);
INSERT INTO TB_GRUPO_USER (GRUPO_ID, USER_ID) VALUES (4,7);
INSERT INTO TB_GRUPO_USER (GRUPO_ID, USER_ID) VALUES (4,8);
INSERT INTO TB_GRUPO_USER (GRUPO_ID, USER_ID) VALUES (4,9);
INSERT INTO TB_GRUPO_USER (GRUPO_ID, USER_ID) VALUES (4,10);

INSERT INTO TB_GRUPO (USER_LIDER_ID, NOME, MATERIA_ID) VALUES (1, 'Os Fumacas', 3);
INSERT INTO TB_GRUPO_USER (GRUPO_ID, USER_ID) VALUES (5,1);
INSERT INTO TB_GRUPO_USER (GRUPO_ID, USER_ID) VALUES (5,2);
INSERT INTO TB_GRUPO_USER (GRUPO_ID, USER_ID) VALUES (5,3);
INSERT INTO TB_GRUPO_USER (GRUPO_ID, USER_ID) VALUES (5,4);
INSERT INTO TB_GRUPO_USER (GRUPO_ID, USER_ID) VALUES (5,5);
INSERT INTO TB_GRUPO (USER_LIDER_ID, NOME, MATERIA_ID) VALUES (6, 'Boston Dynamics', 3);
INSERT INTO TB_GRUPO_USER (GRUPO_ID, USER_ID) VALUES (6,6);
INSERT INTO TB_GRUPO_USER (GRUPO_ID, USER_ID) VALUES (6,7);
INSERT INTO TB_GRUPO_USER (GRUPO_ID, USER_ID) VALUES (6,8);
INSERT INTO TB_GRUPO_USER (GRUPO_ID, USER_ID) VALUES (6,9);
INSERT INTO TB_GRUPO_USER (GRUPO_ID, USER_ID) VALUES (6,10);

INSERT INTO TB_GRUPO (USER_LIDER_ID, NOME, MATERIA_ID) VALUES (1, 'Os Fumacas', 4);
INSERT INTO TB_GRUPO_USER (GRUPO_ID, USER_ID) VALUES (7,1);
INSERT INTO TB_GRUPO_USER (GRUPO_ID, USER_ID) VALUES (7,2);
INSERT INTO TB_GRUPO_USER (GRUPO_ID, USER_ID) VALUES (7,3);
INSERT INTO TB_GRUPO_USER (GRUPO_ID, USER_ID) VALUES (7,4);
INSERT INTO TB_GRUPO_USER (GRUPO_ID, USER_ID) VALUES (7,5);
INSERT INTO TB_GRUPO (USER_LIDER_ID, NOME, MATERIA_ID) VALUES (6, 'Boston Dynamics', 4);
INSERT INTO TB_GRUPO_USER (GRUPO_ID, USER_ID) VALUES (8,6);
INSERT INTO TB_GRUPO_USER (GRUPO_ID, USER_ID) VALUES (8,7);
INSERT INTO TB_GRUPO_USER (GRUPO_ID, USER_ID) VALUES (8,8);
INSERT INTO TB_GRUPO_USER (GRUPO_ID, USER_ID) VALUES (8,9);
INSERT INTO TB_GRUPO_USER (GRUPO_ID, USER_ID) VALUES (8,10);

INSERT INTO TB_GRUPO (USER_LIDER_ID, NOME, MATERIA_ID) VALUES (1, 'Os Fumacas', 5);
INSERT INTO TB_GRUPO_USER (GRUPO_ID, USER_ID) VALUES (9,1);
INSERT INTO TB_GRUPO_USER (GRUPO_ID, USER_ID) VALUES (9,2);
INSERT INTO TB_GRUPO_USER (GRUPO_ID, USER_ID) VALUES (9,3);
INSERT INTO TB_GRUPO_USER (GRUPO_ID, USER_ID) VALUES (9,4);
INSERT INTO TB_GRUPO_USER (GRUPO_ID, USER_ID) VALUES (9,5);
INSERT INTO TB_GRUPO (USER_LIDER_ID, NOME, MATERIA_ID) VALUES (6, 'Boston Dynamics', 5);
INSERT INTO TB_GRUPO_USER (GRUPO_ID, USER_ID) VALUES (10,6);
INSERT INTO TB_GRUPO_USER (GRUPO_ID, USER_ID) VALUES (10,7);
INSERT INTO TB_GRUPO_USER (GRUPO_ID, USER_ID) VALUES (10,8);
INSERT INTO TB_GRUPO_USER (GRUPO_ID, USER_ID) VALUES (10,9);
INSERT INTO TB_GRUPO_USER (GRUPO_ID, USER_ID) VALUES (10,10);



INSERT INTO TB_GRUPO (USER_LIDER_ID, NOME, MATERIA_ID) VALUES (11, 'Os Jogadores Caros', 6);
INSERT INTO TB_GRUPO_USER (GRUPO_ID, USER_ID) VALUES (11,11);
INSERT INTO TB_GRUPO_USER (GRUPO_ID, USER_ID) VALUES (11,12);
INSERT INTO TB_GRUPO_USER (GRUPO_ID, USER_ID) VALUES (11,13);
INSERT INTO TB_GRUPO_USER (GRUPO_ID, USER_ID) VALUES (11,14);
INSERT INTO TB_GRUPO_USER (GRUPO_ID, USER_ID) VALUES (11,15);
INSERT INTO TB_GRUPO (USER_LIDER_ID, NOME, MATERIA_ID) VALUES (16, 'Falcoes', 6);
INSERT INTO TB_GRUPO_USER (GRUPO_ID, USER_ID) VALUES (12,16);
INSERT INTO TB_GRUPO_USER (GRUPO_ID, USER_ID) VALUES (12,17);
INSERT INTO TB_GRUPO_USER (GRUPO_ID, USER_ID) VALUES (12,18);
INSERT INTO TB_GRUPO_USER (GRUPO_ID, USER_ID) VALUES (12,19);
INSERT INTO TB_GRUPO_USER (GRUPO_ID, USER_ID) VALUES (12,20);

INSERT INTO TB_GRUPO (USER_LIDER_ID, NOME, MATERIA_ID) VALUES (11, 'Os Jogadores Caros', 7);
INSERT INTO TB_GRUPO_USER (GRUPO_ID, USER_ID) VALUES (13,11);
INSERT INTO TB_GRUPO_USER (GRUPO_ID, USER_ID) VALUES (13,12);
INSERT INTO TB_GRUPO_USER (GRUPO_ID, USER_ID) VALUES (13,13);
INSERT INTO TB_GRUPO_USER (GRUPO_ID, USER_ID) VALUES (13,14);
INSERT INTO TB_GRUPO_USER (GRUPO_ID, USER_ID) VALUES (13,15);
INSERT INTO TB_GRUPO (USER_LIDER_ID, NOME, MATERIA_ID) VALUES (16, 'Falcoes', 7);
INSERT INTO TB_GRUPO_USER (GRUPO_ID, USER_ID) VALUES (14,16);
INSERT INTO TB_GRUPO_USER (GRUPO_ID, USER_ID) VALUES (14,17);
INSERT INTO TB_GRUPO_USER (GRUPO_ID, USER_ID) VALUES (14,18);
INSERT INTO TB_GRUPO_USER (GRUPO_ID, USER_ID) VALUES (14,19);
INSERT INTO TB_GRUPO_USER (GRUPO_ID, USER_ID) VALUES (14,20);

INSERT INTO TB_GRUPO (USER_LIDER_ID, NOME, MATERIA_ID) VALUES (11, 'Os Jogadores Caros', 8);
INSERT INTO TB_GRUPO_USER (GRUPO_ID, USER_ID) VALUES (15,11);
INSERT INTO TB_GRUPO_USER (GRUPO_ID, USER_ID) VALUES (15,12);
INSERT INTO TB_GRUPO_USER (GRUPO_ID, USER_ID) VALUES (15,13);
INSERT INTO TB_GRUPO_USER (GRUPO_ID, USER_ID) VALUES (15,14);
INSERT INTO TB_GRUPO_USER (GRUPO_ID, USER_ID) VALUES (15,15);
INSERT INTO TB_GRUPO (USER_LIDER_ID, NOME, MATERIA_ID) VALUES (16, 'Falcoes', 8);
INSERT INTO TB_GRUPO_USER (GRUPO_ID, USER_ID) VALUES (16,16);
INSERT INTO TB_GRUPO_USER (GRUPO_ID, USER_ID) VALUES (16,17);
INSERT INTO TB_GRUPO_USER (GRUPO_ID, USER_ID) VALUES (16,18);
INSERT INTO TB_GRUPO_USER (GRUPO_ID, USER_ID) VALUES (16,19);
INSERT INTO TB_GRUPO_USER (GRUPO_ID, USER_ID) VALUES (16,20);

INSERT INTO TB_GRUPO (USER_LIDER_ID, NOME, MATERIA_ID) VALUES (11, 'Os Jogadores Caros', 9);
INSERT INTO TB_GRUPO_USER (GRUPO_ID, USER_ID) VALUES (17,11);
INSERT INTO TB_GRUPO_USER (GRUPO_ID, USER_ID) VALUES (17,12);
INSERT INTO TB_GRUPO_USER (GRUPO_ID, USER_ID) VALUES (17,13);
INSERT INTO TB_GRUPO_USER (GRUPO_ID, USER_ID) VALUES (17,14);
INSERT INTO TB_GRUPO_USER (GRUPO_ID, USER_ID) VALUES (17,15);
INSERT INTO TB_GRUPO (USER_LIDER_ID, NOME, MATERIA_ID) VALUES (16, 'Falcoes', 9);
INSERT INTO TB_GRUPO_USER (GRUPO_ID, USER_ID) VALUES (18,16);
INSERT INTO TB_GRUPO_USER (GRUPO_ID, USER_ID) VALUES (18,17);
INSERT INTO TB_GRUPO_USER (GRUPO_ID, USER_ID) VALUES (18,18);
INSERT INTO TB_GRUPO_USER (GRUPO_ID, USER_ID) VALUES (18,19);
INSERT INTO TB_GRUPO_USER (GRUPO_ID, USER_ID) VALUES (18,20);

INSERT INTO TB_GRUPO (USER_LIDER_ID, NOME, MATERIA_ID) VALUES (11, 'Os Jogadores Caros', 10);
INSERT INTO TB_GRUPO_USER (GRUPO_ID, USER_ID) VALUES (19,11);
INSERT INTO TB_GRUPO_USER (GRUPO_ID, USER_ID) VALUES (19,12);
INSERT INTO TB_GRUPO_USER (GRUPO_ID, USER_ID) VALUES (19,13);
INSERT INTO TB_GRUPO_USER (GRUPO_ID, USER_ID) VALUES (19,14);
INSERT INTO TB_GRUPO_USER (GRUPO_ID, USER_ID) VALUES (19,15);
INSERT INTO TB_GRUPO (USER_LIDER_ID, NOME, MATERIA_ID) VALUES (16, 'Falcoes', 10);
INSERT INTO TB_GRUPO_USER (GRUPO_ID, USER_ID) VALUES (20,16);
INSERT INTO TB_GRUPO_USER (GRUPO_ID, USER_ID) VALUES (20,17);
INSERT INTO TB_GRUPO_USER (GRUPO_ID, USER_ID) VALUES (20,18);
INSERT INTO TB_GRUPO_USER (GRUPO_ID, USER_ID) VALUES (20,19);
INSERT INTO TB_GRUPO_USER (GRUPO_ID, USER_ID) VALUES (20,20);



INSERT INTO TB_GRUPO (USER_LIDER_ID, NOME, MATERIA_ID) VALUES (21, 'Quase Engenheiros', 11);
INSERT INTO TB_GRUPO_USER (GRUPO_ID, USER_ID) VALUES (21,21);
INSERT INTO TB_GRUPO_USER (GRUPO_ID, USER_ID) VALUES (21,22);
INSERT INTO TB_GRUPO_USER (GRUPO_ID, USER_ID) VALUES (21,23);
INSERT INTO TB_GRUPO_USER (GRUPO_ID, USER_ID) VALUES (21,24);
INSERT INTO TB_GRUPO_USER (GRUPO_ID, USER_ID) VALUES (21,25);
INSERT INTO TB_GRUPO (USER_LIDER_ID, NOME, MATERIA_ID) VALUES (26, 'Os Padeiros', 11);
INSERT INTO TB_GRUPO_USER (GRUPO_ID, USER_ID) VALUES (22,26);
INSERT INTO TB_GRUPO_USER (GRUPO_ID, USER_ID) VALUES (22,27);
INSERT INTO TB_GRUPO_USER (GRUPO_ID, USER_ID) VALUES (22,28);
INSERT INTO TB_GRUPO_USER (GRUPO_ID, USER_ID) VALUES (22,29);
INSERT INTO TB_GRUPO_USER (GRUPO_ID, USER_ID) VALUES (22,30);

INSERT INTO TB_GRUPO (USER_LIDER_ID, NOME, MATERIA_ID) VALUES (21, 'Quase Engenheiros', 12);
INSERT INTO TB_GRUPO_USER (GRUPO_ID, USER_ID) VALUES (23,21);
INSERT INTO TB_GRUPO_USER (GRUPO_ID, USER_ID) VALUES (23,22);
INSERT INTO TB_GRUPO_USER (GRUPO_ID, USER_ID) VALUES (23,23);
INSERT INTO TB_GRUPO_USER (GRUPO_ID, USER_ID) VALUES (23,24);
INSERT INTO TB_GRUPO_USER (GRUPO_ID, USER_ID) VALUES (23,25);
INSERT INTO TB_GRUPO (USER_LIDER_ID, NOME, MATERIA_ID) VALUES (26, 'Os Padeiros', 12);
INSERT INTO TB_GRUPO_USER (GRUPO_ID, USER_ID) VALUES (24,26);
INSERT INTO TB_GRUPO_USER (GRUPO_ID, USER_ID) VALUES (24,27);
INSERT INTO TB_GRUPO_USER (GRUPO_ID, USER_ID) VALUES (24,28);
INSERT INTO TB_GRUPO_USER (GRUPO_ID, USER_ID) VALUES (24,29);
INSERT INTO TB_GRUPO_USER (GRUPO_ID, USER_ID) VALUES (24,30);

INSERT INTO TB_GRUPO (USER_LIDER_ID, NOME, MATERIA_ID) VALUES (21, 'Quase Engenheiros', 13);
INSERT INTO TB_GRUPO_USER (GRUPO_ID, USER_ID) VALUES (25,21);
INSERT INTO TB_GRUPO_USER (GRUPO_ID, USER_ID) VALUES (25,22);
INSERT INTO TB_GRUPO_USER (GRUPO_ID, USER_ID) VALUES (25,23);
INSERT INTO TB_GRUPO_USER (GRUPO_ID, USER_ID) VALUES (25,24);
INSERT INTO TB_GRUPO_USER (GRUPO_ID, USER_ID) VALUES (25,25);
INSERT INTO TB_GRUPO (USER_LIDER_ID, NOME, MATERIA_ID) VALUES (26, 'Os Padeiros', 13);
INSERT INTO TB_GRUPO_USER (GRUPO_ID, USER_ID) VALUES (26,26);
INSERT INTO TB_GRUPO_USER (GRUPO_ID, USER_ID) VALUES (26,27);
INSERT INTO TB_GRUPO_USER (GRUPO_ID, USER_ID) VALUES (26,28);
INSERT INTO TB_GRUPO_USER (GRUPO_ID, USER_ID) VALUES (26,29);
INSERT INTO TB_GRUPO_USER (GRUPO_ID, USER_ID) VALUES (26,30);

INSERT INTO TB_GRUPO (USER_LIDER_ID, NOME, MATERIA_ID) VALUES (21, 'Quase Engenheiros', 14);
INSERT INTO TB_GRUPO_USER (GRUPO_ID, USER_ID) VALUES (27,21);
INSERT INTO TB_GRUPO_USER (GRUPO_ID, USER_ID) VALUES (27,22);
INSERT INTO TB_GRUPO_USER (GRUPO_ID, USER_ID) VALUES (27,23);
INSERT INTO TB_GRUPO_USER (GRUPO_ID, USER_ID) VALUES (27,24);
INSERT INTO TB_GRUPO_USER (GRUPO_ID, USER_ID) VALUES (27,25);
INSERT INTO TB_GRUPO (USER_LIDER_ID, NOME, MATERIA_ID) VALUES (26, 'Os Padeiros', 14);
INSERT INTO TB_GRUPO_USER (GRUPO_ID, USER_ID) VALUES (28,26);
INSERT INTO TB_GRUPO_USER (GRUPO_ID, USER_ID) VALUES (28,27);
INSERT INTO TB_GRUPO_USER (GRUPO_ID, USER_ID) VALUES (28,28);
INSERT INTO TB_GRUPO_USER (GRUPO_ID, USER_ID) VALUES (28,29);
INSERT INTO TB_GRUPO_USER (GRUPO_ID, USER_ID) VALUES (28,30);

INSERT INTO TB_GRUPO (USER_LIDER_ID, NOME, MATERIA_ID) VALUES (21, 'Quase Engenheiros', 15);
INSERT INTO TB_GRUPO_USER (GRUPO_ID, USER_ID) VALUES (29,21);
INSERT INTO TB_GRUPO_USER (GRUPO_ID, USER_ID) VALUES (29,22);
INSERT INTO TB_GRUPO_USER (GRUPO_ID, USER_ID) VALUES (29,23);
INSERT INTO TB_GRUPO_USER (GRUPO_ID, USER_ID) VALUES (29,24);
INSERT INTO TB_GRUPO_USER (GRUPO_ID, USER_ID) VALUES (29,25);
INSERT INTO TB_GRUPO (USER_LIDER_ID, NOME, MATERIA_ID) VALUES (26, 'Os Padeiros', 15);
INSERT INTO TB_GRUPO_USER (GRUPO_ID, USER_ID) VALUES (30,26);
INSERT INTO TB_GRUPO_USER (GRUPO_ID, USER_ID) VALUES (30,27);
INSERT INTO TB_GRUPO_USER (GRUPO_ID, USER_ID) VALUES (30,28);
INSERT INTO TB_GRUPO_USER (GRUPO_ID, USER_ID) VALUES (30,29);
INSERT INTO TB_GRUPO_USER (GRUPO_ID, USER_ID) VALUES (30,30);



INSERT INTO TB_GRUPO (USER_LIDER_ID, NOME, MATERIA_ID) VALUES (31, 'Barça FC', 16);
INSERT INTO TB_GRUPO_USER (GRUPO_ID, USER_ID) VALUES (31,31);
INSERT INTO TB_GRUPO_USER (GRUPO_ID, USER_ID) VALUES (31,32);
INSERT INTO TB_GRUPO_USER (GRUPO_ID, USER_ID) VALUES (31,33);
INSERT INTO TB_GRUPO_USER (GRUPO_ID, USER_ID) VALUES (31,34);
INSERT INTO TB_GRUPO_USER (GRUPO_ID, USER_ID) VALUES (31,35);
INSERT INTO TB_GRUPO (USER_LIDER_ID, NOME, MATERIA_ID) VALUES (36, 'Unity Team', 16);
INSERT INTO TB_GRUPO_USER (GRUPO_ID, USER_ID) VALUES (32,36);
INSERT INTO TB_GRUPO_USER (GRUPO_ID, USER_ID) VALUES (32,37);
INSERT INTO TB_GRUPO_USER (GRUPO_ID, USER_ID) VALUES (32,38);
INSERT INTO TB_GRUPO_USER (GRUPO_ID, USER_ID) VALUES (32,39);
INSERT INTO TB_GRUPO_USER (GRUPO_ID, USER_ID) VALUES (32,40);

INSERT INTO TB_GRUPO (USER_LIDER_ID, NOME, MATERIA_ID) VALUES (31, 'Barça FC', 17);
INSERT INTO TB_GRUPO_USER (GRUPO_ID, USER_ID) VALUES (33,31);
INSERT INTO TB_GRUPO_USER (GRUPO_ID, USER_ID) VALUES (33,32);
INSERT INTO TB_GRUPO_USER (GRUPO_ID, USER_ID) VALUES (33,33);
INSERT INTO TB_GRUPO_USER (GRUPO_ID, USER_ID) VALUES (33,34);
INSERT INTO TB_GRUPO_USER (GRUPO_ID, USER_ID) VALUES (33,35);
INSERT INTO TB_GRUPO (USER_LIDER_ID, NOME, MATERIA_ID) VALUES (36, 'Unity Team', 17);
INSERT INTO TB_GRUPO_USER (GRUPO_ID, USER_ID) VALUES (34,36);
INSERT INTO TB_GRUPO_USER (GRUPO_ID, USER_ID) VALUES (34,37);
INSERT INTO TB_GRUPO_USER (GRUPO_ID, USER_ID) VALUES (34,38);
INSERT INTO TB_GRUPO_USER (GRUPO_ID, USER_ID) VALUES (34,39);
INSERT INTO TB_GRUPO_USER (GRUPO_ID, USER_ID) VALUES (34,40);

INSERT INTO TB_GRUPO (USER_LIDER_ID, NOME, MATERIA_ID) VALUES (31, 'Barça FC', 18);
INSERT INTO TB_GRUPO_USER (GRUPO_ID, USER_ID) VALUES (35,31);
INSERT INTO TB_GRUPO_USER (GRUPO_ID, USER_ID) VALUES (35,32);
INSERT INTO TB_GRUPO_USER (GRUPO_ID, USER_ID) VALUES (35,33);
INSERT INTO TB_GRUPO_USER (GRUPO_ID, USER_ID) VALUES (35,34);
INSERT INTO TB_GRUPO_USER (GRUPO_ID, USER_ID) VALUES (35,35);
INSERT INTO TB_GRUPO (USER_LIDER_ID, NOME, MATERIA_ID) VALUES (36, 'Unity Team', 18);
INSERT INTO TB_GRUPO_USER (GRUPO_ID, USER_ID) VALUES (36,36);
INSERT INTO TB_GRUPO_USER (GRUPO_ID, USER_ID) VALUES (36,37);
INSERT INTO TB_GRUPO_USER (GRUPO_ID, USER_ID) VALUES (36,38);
INSERT INTO TB_GRUPO_USER (GRUPO_ID, USER_ID) VALUES (36,39);
INSERT INTO TB_GRUPO_USER (GRUPO_ID, USER_ID) VALUES (36,40);


INSERT INTO TB_GRUPO (USER_LIDER_ID, NOME, MATERIA_ID) VALUES (31, 'Barça FC', 19);
INSERT INTO TB_GRUPO_USER (GRUPO_ID, USER_ID) VALUES (37,31);
INSERT INTO TB_GRUPO_USER (GRUPO_ID, USER_ID) VALUES (37,32);
INSERT INTO TB_GRUPO_USER (GRUPO_ID, USER_ID) VALUES (37,33);
INSERT INTO TB_GRUPO_USER (GRUPO_ID, USER_ID) VALUES (37,34);
INSERT INTO TB_GRUPO_USER (GRUPO_ID, USER_ID) VALUES (37,35);
INSERT INTO TB_GRUPO (USER_LIDER_ID, NOME, MATERIA_ID) VALUES (36, 'Unity Team', 19);
INSERT INTO TB_GRUPO_USER (GRUPO_ID, USER_ID) VALUES (38,36);
INSERT INTO TB_GRUPO_USER (GRUPO_ID, USER_ID) VALUES (38,37);
INSERT INTO TB_GRUPO_USER (GRUPO_ID, USER_ID) VALUES (38,38);
INSERT INTO TB_GRUPO_USER (GRUPO_ID, USER_ID) VALUES (38,39);
INSERT INTO TB_GRUPO_USER (GRUPO_ID, USER_ID) VALUES (38,40);

INSERT INTO TB_GRUPO (USER_LIDER_ID, NOME, MATERIA_ID) VALUES (31, 'Barça FC', 20);
INSERT INTO TB_GRUPO_USER (GRUPO_ID, USER_ID) VALUES (39,31);
INSERT INTO TB_GRUPO_USER (GRUPO_ID, USER_ID) VALUES (39,32);
INSERT INTO TB_GRUPO_USER (GRUPO_ID, USER_ID) VALUES (39,33);
INSERT INTO TB_GRUPO_USER (GRUPO_ID, USER_ID) VALUES (39,34);
INSERT INTO TB_GRUPO_USER (GRUPO_ID, USER_ID) VALUES (39,35);
INSERT INTO TB_GRUPO (USER_LIDER_ID, NOME, MATERIA_ID) VALUES (36, 'Unity Team', 20);
INSERT INTO TB_GRUPO_USER (GRUPO_ID, USER_ID) VALUES (40,36);
INSERT INTO TB_GRUPO_USER (GRUPO_ID, USER_ID) VALUES (40,37);
INSERT INTO TB_GRUPO_USER (GRUPO_ID, USER_ID) VALUES (40,38);
INSERT INTO TB_GRUPO_USER (GRUPO_ID, USER_ID) VALUES (40,39);
INSERT INTO TB_GRUPO_USER (GRUPO_ID, USER_ID) VALUES (40,40);